{
  "version": "1.0",
  "timestamp": 1748572770.3118422,
  "keyframes": {
    "Keyframe 1": {
      "11": -0.087890625,
      "12": 0.087890625,
      "13": 0.439453125,
      "14": 0.087890625,
      "21": 0.3515625,
      "22": -0.3515625,
      "23": 0.0,
      "24": -0.087890625,
      "31": 0.087890625,
      "32": 0.0,
      "33": 0.087890625,
      "34": -0.17578125,
      "35": -0.17578125,
      "36": 0.087890625,
      "41": 0.0,
      "42": 0.087890625,
      "43": 0.263671875,
      "44": -0.3515625,
      "45": -0.087890625,
      "46": 0.17578125
    },
    "Keyframe 2": {
      "11": -0.87890625,
      "12": -0.087890625,
      "13": 0.439453125,
      "14": 0.087890625,
      "21": 0.3515625,
      "22": -0.439453125,
      "23": 0.0,
      "24": -0.087890625,
      "31": 0.615234375,
      "32": 1.0546875,
      "33": 1.318359375,
      "34": 1.494140625,
      "35": 1.142578125,
      "36": -3.427734375,
      "41": 7.119140625,
      "42": 1.669921875,
      "43": -1.7578125,
      "44": 0.703125,
      "45": 0.87890625,
      "46": -0.3515625
    },
    "Keyframe 3": {
      "11": -1.0546875,
      "12": 0.087890625,
      "13": 0.439453125,
      "14": 0.087890625,
      "21": 0.439453125,
      "22": -0.439453125,
      "23": 0.0,
      "24": -0.087890625,
      "31": 0.87890625,
      "32": 0.263671875,
      "33": 0.791015625,
      "34": 1.669921875,
      "35": 0.439453125,
      "36": -2.724609375,
      "41": 6.591796875,
      "42": 0.966796875,
      "43": -2.98828125,
      "44": -0.087890625,
      "45": 0.52734375,
      "46": 0.087890625
    },
    "Keyframe 4": {
      "11": -1.0546875,
      "12": 0.0,
      "13": 0.439453125,
      "14": 0.087890625,
      "21": 0.439453125,
      "22": -0.439453125,
      "23": 0.0,
      "24": -0.087890625,
      "31": 21.708984375,
      "32": 3.69140625,
      "33": 5.2734375,
      "34": -1.7578125,
      "35": 1.40625,
      "36": -7.91015625,
      "41": 16.34765625,
      "42": 1.494140625,
      "43": -4.658203125,
      "44": -0.3515625,
      "45": -0.17578125,
      "46": 4.39453125
    },
    "Keyframe 5": {
      "11": -1.40625,
      "12": -0.17578125,
      "13": 0.439453125,
      "14": 0.087890625,
      "21": 0.703125,
      "22": -0.439453125,
      "23": 0.0,
      "24": -0.087890625,
      "31": 25.6640625,
      "32": -2.548828125,
      "33": 6.064453125,
      "34": 0.87890625,
      "35": 3.251953125,
      "36": -10.37109375,
      "41": 18.28125,
      "42": -3.8671875,
      "43": -8.61328125,
      "44": 1.93359375,
      "45": -2.724609375,
      "46": 5.9765625
    },
    "Keyframe 6": {
      "11": -1.142578125,
      "12": 0.0,
      "13": 0.439453125,
      "14": 0.087890625,
      "21": 0.52734375,
      "22": -0.439453125,
      "23": 0.0,
      "24": -0.087890625,
      "31": 21.4453125,
      "32": 4.130859375,
      "33": 5.80078125,
      "34": -2.28515625,
      "35": 1.494140625,
      "36": -7.734375,
      "41": 16.435546875,
      "42": 0.791015625,
      "43": -5.009765625,
      "44": -0.615234375,
      "45": -0.439453125,
      "46": 5.185546875
    },
    "Keyframe 7": {
      "11": -1.0546875,
      "12": 0.087890625,
      "13": 0.439453125,
      "14": 0.087890625,
      "21": 0.439453125,
      "22": -0.439453125,
      "23": 0.0,
      "24": -0.087890625,
      "31": 0.87890625,
      "32": 0.263671875,
      "33": 0.791015625,
      "34": 1.669921875,
      "35": 0.439453125,
      "36": -2.724609375,
      "41": 6.591796875,
      "42": 0.966796875,
      "43": -2.98828125,
      "44": -0.087890625,
      "45": 0.52734375,
      "46": 0.087890625
    },
    "Keyframe 8": {
      "11": -0.966796875,
      "12": -0.087890625,
      "13": 0.439453125,
      "14": 0.087890625,
      "21": 0.439453125,
      "22": -0.439453125,
      "23": 0.0,
      "24": -0.087890625,
      "31": 0.791015625,
      "32": 0.0,
      "33": 1.494140625,
      "34": 1.23046875,
      "35": 0.3515625,
      "36": -2.63671875,
      "41": 6.416015625,
      "42": 1.0546875,
      "43": -3.251953125,
      "44": -0.3515625,
      "45": 0.703125,
      "46": 0.966796875
    },
    "Keyframe 9": {
      "11": -0.17578125,
      "12": 0.087890625,
      "13": 0.439453125,
      "14": 0.087890625,
      "21": 0.439453125,
      "22": -0.439453125,
      "23": 0.0,
      "24": -0.087890625,
      "31": 0.703125,
      "32": 0.966796875,
      "33": 1.58203125,
      "34": 1.142578125,
      "35": 0.966796875,
      "36": -2.98828125,
      "41": 7.119140625,
      "42": 1.845703125,
      "43": -1.40625,
      "44": 0.439453125,
      "45": 1.0546875,
      "46": -0.087890625
    }
  }
}