{
  "version": "1.0",
  "timestamp": 1748572950.2518623,
  "keyframes": {
    "Keyframe 1": {
      "11": -0.17578125,
      "12": 0.087890625,
      "13": 0.439453125,
      "14": 0.087890625,
      "21": 0.439453125,
      "22": -0.439453125,
      "23": 0.0,
      "24": -0.087890625,
      "31": 0.087890625,
      "32": 0.0,
      "33": 0.615234375,
      "34": -0.703125,
      "35": -0.263671875,
      "36": 0.439453125,
      "41": -0.087890625,
      "42": 0.087890625,
      "43": 0.439453125,
      "44": -0.791015625,
      "45": 0.0,
      "46": 0.791015625
    },
    "Keyframe 7": {
      "11": -0.263671875,
      "12": -0.087890625,
      "13": 0.439453125,
      "14": 0.087890625,
      "21": 0.87890625,
      "22": -0.439453125,
      "23": 0.0,
      "24": -0.087890625,
      "31": -4.306640625,
      "32": -0.87890625,
      "33": -1.40625,
      "34": -1.0546875,
      "35": 0.17578125,
      "36": 1.318359375,
      "41": -4.74609375,
      "42": 0.0,
      "43": 0.263671875,
      "44": -0.87890625,
      "45": 0.52734375,
      "46": 0.087890625
    },
    "Keyframe 8": {
      "11": -0.263671875,
      "12": -0.087890625,
      "13": 0.439453125,
      "14": 0.087890625,
      "21": 0.87890625,
      "22": -0.439453125,
      "23": 0.0,
      "24": -0.087890625,
      "31": -13.623046875,
      "32": -6.767578125,
      "33": -6.767578125,
      "34": -2.724609375,
      "35": -5.537109375,
      "36": 2.021484375,
      "41": -7.822265625,
      "42": -5.80078125,
      "43": 0.263671875,
      "44": 0.17578125,
      "45": -5.9765625,
      "46": -1.93359375
    },
    "Keyframe 9": {
      "11": -0.263671875,
      "12": 0.087890625,
      "13": 0.439453125,
      "14": 0.087890625,
      "21": 0.87890625,
      "22": -0.439453125,
      "23": 0.0,
      "24": -0.087890625,
      "31": -24.521484375,
      "32": -8.26171875,
      "33": -14.326171875,
      "34": -7.646484375,
      "35": -8.0859375,
      "36": 2.900390625,
      "41": -13.53515625,
      "42": -8.173828125,
      "43": 0.263671875,
      "44": 1.0546875,
      "45": -9.66796875,
      "46": -3.251953125
    },
    "Keyframe 10": {
      "11": -0.17578125,
      "12": 0.087890625,
      "13": 0.439453125,
      "14": 0.087890625,
      "21": 0.87890625,
      "22": -0.439453125,
      "23": 0.0,
      "24": -0.087890625,
      "31": -29.00390625,
      "32": -9.931640625,
      "33": -17.841796875,
      "34": -10.107421875,
      "35": -10.634765625,
      "36": 3.076171875,
      "41": -18.896484375,
      "42": -10.458984375,
      "43": 0.263671875,
      "44": 1.142578125,
      "45": -12.65625,
      "46": -4.482421875
    },
    "Keyframe 11": {
      "11": -0.263671875,
      "12": 0.087890625,
      "13": 0.439453125,
      "14": 0.087890625,
      "21": 0.87890625,
      "22": -0.439453125,
      "23": 0.0,
      "24": -0.087890625,
      "31": -24.43359375,
      "32": -8.4375,
      "33": -14.326171875,
      "34": -7.91015625,
      "35": -8.349609375,
      "36": 3.1640625,
      "41": -13.623046875,
      "42": -8.26171875,
      "43": 0.439453125,
      "44": 0.87890625,
      "45": -9.84375,
      "46": -3.076171875
    },
    "Keyframe 12": {
      "11": -0.3515625,
      "12": 0.087890625,
      "13": 0.439453125,
      "14": 0.087890625,
      "21": 0.966796875,
      "22": -0.439453125,
      "23": 0.0,
      "24": -0.087890625,
      "31": -13.623046875,
      "32": -6.943359375,
      "33": -6.591796875,
      "34": -3.076171875,
      "35": -5.80078125,
      "36": 2.548828125,
      "41": -7.734375,
      "42": -5.888671875,
      "43": 0.52734375,
      "44": 0.0,
      "45": -6.15234375,
      "46": -1.669921875
    },
    "Keyframe 13": {
      "11": -0.3515625,
      "12": -0.17578125,
      "13": 0.439453125,
      "14": 0.087890625,
      "21": 0.87890625,
      "22": -0.439453125,
      "23": 0.0,
      "24": -0.087890625,
      "31": -4.482421875,
      "32": -0.966796875,
      "33": -1.23046875,
      "34": -1.494140625,
      "35": 0.0,
      "36": 1.845703125,
      "41": -4.658203125,
      "42": 0.17578125,
      "43": 0.439453125,
      "44": -1.23046875,
      "45": 0.615234375,
      "46": 0.439453125
    },
    "Keyframe 14": {
      "11": -0.263671875,
      "12": 0.0,
      "13": 0.439453125,
      "14": 0.087890625,
      "21": 0.52734375,
      "22": -0.439453125,
      "23": 0.0,
      "24": -0.087890625,
      "31": 0.17578125,
      "32": -0.3515625,
      "33": 0.87890625,
      "34": -1.318359375,
      "35": -0.3515625,
      "36": 1.142578125,
      "41": -0.263671875,
      "42": 0.17578125,
      "43": 0.703125,
      "44": -1.23046875,
      "45": 0.263671875,
      "46": 1.318359375
    }
  }
}