{
  "version": "1.0",
  "timestamp": 1748571446.0401256,
  "keyframes": {
    "Keyframe 1": {
      "11": 2.900390625,
      "12": 3.779296875,
      "13": 0.966796875,
      "14": 0.0,
      "21": -0.087890625,
      "22": -1.23046875,
      "23": 0.0,
      "24": -0.087890625,
      "31": 0.0,
      "32": -0.3515625,
      "33": -0.615234375,
      "34": 9.052734375,
      "35": 0.0,
      "36": -0.439453125,
      "41": 0.0,
      "42": -0.17578125,
      "43": -0.17578125,
      "44": 8.7890625,
      "45": 0.087890625,
      "46": -0.087890625
    },
    "Keyframe 2": {
      "11": 16.259765625,
      "12": 7.3828125,
      "13": 0.3515625,
      "14": 0.0,
      "21": -0.087890625,
      "22": -1.23046875,
      "23": 0.0,
      "24": -0.087890625,
      "31": 0.0,
      "32": -0.439453125,
      "33": -0.615234375,
      "34": 9.052734375,
      "35": 0.0,
      "36": -0.439453125,
      "41": 0.0,
      "42": -0.17578125,
      "43": -0.17578125,
      "44": 8.7890625,
      "45": 0.087890625,
      "46": -0.087890625
    },
    "Keyframe 3": {
      "11": 25.48828125,
      "12": 12.041015625,
      "13": 0.791015625,
      "14": 0.087890625,
      "21": -0.087890625,
      "22": -1.23046875,
      "23": 0.0,
      "24": -0.087890625,
      "31": 0.0,
      "32": -0.439453125,
      "33": -0.615234375,
      "34": 9.052734375,
      "35": 0.0,
      "36": -0.439453125,
      "41": 0.0,
      "42": -0.17578125,
      "43": -0.17578125,
      "44": 8.7890625,
      "45": 0.087890625,
      "46": -0.087890625
    },
    "Keyframe 4": {
      "11": 46.93359375,
      "12": 21.533203125,
      "13": 0.263671875,
      "14": 14.677734375,
      "21": 0.0,
      "22": -1.23046875,
      "23": 0.0,
      "24": -0.087890625,
      "31": 0.087890625,
      "32": -0.52734375,
      "33": -0.52734375,
      "34": 9.404296875,
      "35": 0.0,
      "36": -0.439453125,
      "41": 0.0,
      "42": -0.17578125,
      "43": -0.263671875,
      "44": 9.052734375,
      "45": 0.087890625,
      "46": -0.087890625
    },
    "Keyframe 5": {
      "11": 63.984375,
      "12": 21.533203125,
      "13": 0.263671875,
      "14": 22.1484375,
      "21": 0.0,
      "22": -1.23046875,
      "23": 0.0,
      "24": -0.087890625,
      "31": 0.087890625,
      "32": -0.52734375,
      "33": -0.52734375,
      "34": 9.404296875,
      "35": 0.0,
      "36": -0.439453125,
      "41": 0.0,
      "42": -0.17578125,
      "43": -0.3515625,
      "44": 9.052734375,
      "45": 0.087890625,
      "46": -0.087890625
    },
    "Keyframe 6": {
      "11": 75.146484375,
      "12": 17.314453125,
      "13": 0.966796875,
      "14": 22.1484375,
      "21": 0.0,
      "22": -1.23046875,
      "23": 0.0,
      "24": -0.087890625,
      "31": 0.087890625,
      "32": -0.52734375,
      "33": -0.52734375,
      "34": 9.404296875,
      "35": 0.0,
      "36": -0.439453125,
      "41": 0.0,
      "42": -0.17578125,
      "43": -0.3515625,
      "44": 9.052734375,
      "45": 0.087890625,
      "46": -0.087890625
    },
    "Keyframe 7": {
      "11": 77.783203125,
      "12": 28.4765625,
      "13": 20.21484375,
      "14": 3.33984375,
      "21": 0.0,
      "22": -1.23046875,
      "23": 0.0,
      "24": -0.087890625,
      "31": 0.087890625,
      "32": -0.615234375,
      "33": -0.52734375,
      "34": 9.580078125,
      "35": 0.0,
      "36": -0.439453125,
      "41": 0.0,
      "42": -0.3515625,
      "43": -0.3515625,
      "44": 9.052734375,
      "45": 0.087890625,
      "46": -0.087890625
    },
    "Keyframe 8": {
      "11": 85.341796875,
      "12": 36.474609375,
      "13": 42.099609375,
      "14": -25.576171875,
      "21": -0.087890625,
      "22": -1.23046875,
      "23": 0.0,
      "24": -0.087890625,
      "31": 0.087890625,
      "32": -0.791015625,
      "33": -0.439453125,
      "34": 9.84375,
      "35": 0.0,
      "36": -0.439453125,
      "41": 0.0,
      "42": -0.439453125,
      "43": -0.263671875,
      "44": 9.140625,
      "45": 0.087890625,
      "46": -0.087890625
    },
    "Keyframe 9": {
      "11": 93.515625,
      "12": 34.013671875,
      "13": 41.923828125,
      "14": -13.095703125,
      "21": -0.087890625,
      "22": -1.23046875,
      "23": 0.0,
      "24": -0.087890625,
      "31": 0.087890625,
      "32": -0.791015625,
      "33": -0.3515625,
      "34": 9.84375,
      "35": 0.0,
      "36": -0.439453125,
      "41": 0.0,
      "42": -0.439453125,
      "43": -0.263671875,
      "44": 9.228515625,
      "45": 0.087890625,
      "46": -0.087890625
    },
    "Keyframe 10": {
      "11": 88.2421875,
      "12": 46.494140625,
      "13": 42.626953125,
      "14": 7.294921875,
      "21": -0.087890625,
      "22": -1.23046875,
      "23": 0.0,
      "24": -0.087890625,
      "31": 0.087890625,
      "32": -0.791015625,
      "33": -0.615234375,
      "34": 10.01953125,
      "35": 0.0,
      "36": -0.439453125,
      "41": 0.0,
      "42": -0.439453125,
      "43": -0.52734375,
      "44": 9.228515625,
      "45": 0.087890625,
      "46": -0.087890625
    },
    "Keyframe 11": {
      "11": 88.9453125,
      "12": 41.396484375,
      "13": 42.451171875,
      "14": -5.09765625,
      "21": -0.087890625,
      "22": -1.23046875,
      "23": 0.0,
      "24": -0.087890625,
      "31": 0.087890625,
      "32": -0.703125,
      "33": -0.615234375,
      "34": 10.01953125,
      "35": 0.0,
      "36": -0.439453125,
      "41": 0.0,
      "42": -0.439453125,
      "43": -0.52734375,
      "44": 9.228515625,
      "45": 0.087890625,
      "46": -0.087890625
    },
    "Keyframe 12": {
      "11": 88.41796875,
      "12": 40.4296875,
      "13": 42.451171875,
      "14": 8.4375,
      "21": -0.087890625,
      "22": -1.23046875,
      "23": 0.0,
      "24": -0.087890625,
      "31": 0.087890625,
      "32": -0.791015625,
      "33": -0.615234375,
      "34": 10.01953125,
      "35": 0.0,
      "36": -0.439453125,
      "41": 0.0,
      "42": -0.439453125,
      "43": -0.52734375,
      "44": 9.228515625,
      "45": 0.087890625,
      "46": -0.087890625
    },
    "Keyframe 13": {
      "11": 88.330078125,
      "12": 37.6171875,
      "13": 42.5390625,
      "14": -9.580078125,
      "21": -0.087890625,
      "22": -1.23046875,
      "23": 0.0,
      "24": -0.087890625,
      "31": 0.087890625,
      "32": -0.791015625,
      "33": -0.52734375,
      "34": 10.107421875,
      "35": 0.0,
      "36": -0.439453125,
      "41": 0.0,
      "42": -0.439453125,
      "43": -0.52734375,
      "44": 9.228515625,
      "45": 0.087890625,
      "46": -0.087890625
    },
    "Keyframe 14": {
      "11": 88.59375,
      "12": 36.03515625,
      "13": 42.5390625,
      "14": 4.21875,
      "21": -0.087890625,
      "22": -1.23046875,
      "23": 0.0,
      "24": -0.087890625,
      "31": 0.087890625,
      "32": -0.791015625,
      "33": -0.52734375,
      "34": 10.107421875,
      "35": 0.0,
      "36": -0.439453125,
      "41": 0.0,
      "42": -0.439453125,
      "43": -0.52734375,
      "44": 9.228515625,
      "45": 0.087890625,
      "46": -0.087890625
    },
    "Keyframe 15": {
      "11": 43.330078125,
      "12": 21.4453125,
      "13": 13.88671875,
      "14": -4.482421875,
      "21": -0.087890625,
      "22": -1.23046875,
      "23": 0.0,
      "24": -0.087890625,
      "31": 0.087890625,
      "32": -0.87890625,
      "33": -0.263671875,
      "34": 10.546875,
      "35": 0.0,
      "36": -0.439453125,
      "41": 0.0,
      "42": -0.439453125,
      "43": -0.703125,
      "44": 9.31640625,
      "45": 0.087890625,
      "46": -0.17578125
    },
    "Keyframe 16": {
      "11": 15.8203125,
      "12": 8.525390625,
      "13": 13.18359375,
      "14": -4.482421875,
      "21": -0.087890625,
      "22": -1.23046875,
      "23": 0.0,
      "24": -0.087890625,
      "31": 0.087890625,
      "32": -0.791015625,
      "33": -0.439453125,
      "34": 10.546875,
      "35": 0.0,
      "36": -0.439453125,
      "41": 0.0,
      "42": -0.439453125,