{
  "version": "1.0",
  "timestamp": 1748597221.5999045,
  "keyframes": {
    "Keyframe 1": {
      "11": 0.0,
      "12": 0.0,
      "13": 0.3515625,
      "14": 0.087890625,
      "21": 0.0,
      "22": 0.0,
      "23": -0.087890625,
      "24": -0.087890625,
      "31": -0.263671875,
      "32": 0.3515625,
      "33": 0.615234375,
      "34": -0.439453125,
      "35": 0.17578125,
      "36": 0.3515625,
      "41": 0.087890625,
      "42": -0.17578125,
      "43": -0.17578125,
      "44": -0.17578125,
      "45": -0.263671875,
      "46": 0.3515625
    },
    "Keyframe 2": {
      "11": 89.47265625,
      "12": -0.17578125,
      "13": 0.3515625,
      "14": 0.087890625,
      "21": -89.47265625,
      "22": 0.0,
      "23": -0.087890625,
      "24": 0.087890625,
      "31": -0.087890625,
      "32": 0.3515625,
      "33": 0.615234375,
      "34": -0.439453125,
      "35": 0.17578125,
      "36": 0.439453125,
      "41": 0.0,
      "42": -0.087890625,
      "43": -0.17578125,
      "44": -0.263671875,
      "45": -0.17578125,
      "46": 0.439453125
    },
    "Keyframe 3": {
      "11": 88.9453125,
      "12": -0.17578125,
      "13": 0.087890625,
      "14": -0.263671875,
      "21": -89.12109375,
      "22": 0.087890625,
      "23": -0.791015625,
      "24": 0.17578125,
      "31": -0.3515625,
      "32": 0.17578125,
      "33": -5.361328125,
      "34": -16.34765625,
      "35": -0.3515625,
      "36": -2.4609375,
      "41": -0.087890625,
      "42": 0.3515625,
      "43": -2.98828125,
      "44": -9.755859375,
      "45": -0.087890625,
      "46": 1.0546875
    },
    "Keyframe 4": {
      "11": 89.208984375,
      "12": -0.17578125,
      "13": 0.52734375,
      "14": -0.263671875,
      "21": -89.47265625,
      "22": 0.17578125,
      "23": -0.087890625,
      "24": 0.17578125,
      "31": -0.263671875,
      "32": 0.3515625,
      "33": -16.69921875,
      "34": -33.046875,
      "35": -0.087890625,
      "36": -12.568359375,
      "41": -0.087890625,
      "42": 0.263671875,
      "43": -13.88671875,
      "44": -27.24609375,
      "45": -0.3515625,
      "46": -12.12890625
    },
    "Keyframe 5": {
      "11": 89.208984375,
      "12": -0.17578125,
      "13": 0.52734375,
      "14": -0.263671875,
      "21": -89.47265625,
      "22": 0.17578125,
      "23": -0.087890625,
      "24": 0.17578125,
      "31": -0.263671875,
      "32": 0.439453125,
      "33": -27.94921875,
      "34": -47.373046875,
      "35": -0.087890625,
      "36": -16.171875,
      "41": 0.087890625,
      "42": 0.263671875,
      "43": -25.751953125,
      "44": -43.41796875,
      "45": -0.17578125,
      "46": -16.875
    },
    "Keyframe 6": {
      "11": 89.208984375,
      "12": -0.17578125,
      "13": 0.52734375,
      "14": -0.263671875,
      "21": -89.47265625,
      "22": 0.17578125,
      "23": -0.087890625,
      "24": 0.17578125,
      "31": -0.263671875,
      "32": 0.439453125,
      "33": -34.8046875,
      "34": -59.58984375,
      "35": -0.087890625,
      "36": -19.248046875,
      "41": 0.087890625,
      "42": 0.263671875,
      "43": -32.51953125,
      "44": -55.810546875,
      "45": -0.263671875,
      "46": -20.0390625
    },
    "Keyframe 7": {
      "11": 89.208984375,
      "12": -0.17578125,
      "13": 0.52734375,
      "14": -0.263671875,
      "21": -89.47265625,
      "22": 0.17578125,
      "23": -0.087890625,
      "24": 0.17578125,
      "31": -0.263671875,
      "32": 0.3515625,
      "33": -39.111328125,
      "34": -71.3671875,
      "35": -0.087890625,
      "36": -25.048828125,
      "41": 0.087890625,
      "42": 0.263671875,
      "43": -36.5625,
      "44": -67.32421875,
      "45": -0.3515625,
      "46": -25.751953125
    },
    "Keyframe 8": {
      "11": 89.208984375,
      "12": -0.17578125,
      "13": 0.52734375,
      "14": -0.263671875,
      "21": -89.47265625,
      "22": 0.17578125,
      "23": -0.087890625,
      "24": 0.17578125,
      "31": -0.263671875,
      "32": 0.439453125,
      "33": -41.1328125,
      "34": -80.244140625,
      "35": -0.087890625,
      "36": -30.234375,
      "41": 0.17578125,
      "42": 0.263671875,
      "43": -38.759765625,
      "44": -76.201171875,
      "45": -0.439453125,
      "46": -30.9375
    },
    "Keyframe 9": {
      "11": 89.208984375,
      "12": -0.17578125,
      "13": 0.52734375,
      "14": -0.263671875,
      "21": -89.47265625,
      "22": 0.17578125,
      "23": -0.087890625,
      "24": 0.17578125,
      "31": -0.17578125,
      "32": 0.439453125,
      "33": -49.21875,
      "34": -94.921875,
      "35": -0.087890625,
      "36": -35.15625,
      "41": 0.17578125,
      "42": 0.263671875,
      "43": -46.93359375,
      "44": -90.263671875,
      "45": -0.52734375,
      "46": -34.892578125
    },
    "Keyframe 10": {
      "11": 89.208984375,
      "12": -0.17578125,
      "13": 0.17578125,
      "14": -0.263671875,
      "21": -89.560546875,
      "22": 0.17578125,
      "23": -0.087890625,
      "24": 0.087890625,
      "31": -0.087890625,
      "32": 0.439453125,
      "33": -60.380859375,
      "34": -107.40234375,
      "35": -0.087890625,
      "36": -40.60546875,
      "41": 0.0,
      "42": 0.17578125,
      "43": -58.88671875,
      "44": -103.359375,
      "45": -0.263671875,
      "46": -40.4296875
    },
    "Keyframe 11": {
      "11": 89.208984375,
      "12": -0.17578125,
      "13": 0.17578125,
      "14": -0.263671875,
      "21": -89.560546875,
      "22": 0.17578125,
      "23": -0.087890625,
      "24": 0.087890625,
      "31": 0.0,
      "32": 0.52734375,
      "33": -67.67578125,
      "34": -112.412109375,
      "35": -0.087890625,
      "36": -40.693359375,
      "41": 0.087890625,
      "42": 0.17578125,
      "43": -66.26953125,
      "44": -108.017578125,
      "45": -0.263671875,
      "46": -40.341796875
    },
    "Keyframe 12": {
      "11": 89.208984375,
      "12": -0.17578125,
      "13": 0.17578125,
      "14": -0.263671875,
      "21": -89.560546875,
      "22": 0.17578125,
      "23": -0.087890625,
      "24": 0.087890625,
      "31": 0.0,
      "32": 0.52734375,
      "33": -74.1796875,
      "34": -117.861328125,
      "35": -0.087890625,
      "36": -40.693359375,
      "41": 0.087890625,
      "42": 0.17578125,
      "43": -72.509765625,
      "44": -112.763671875,
      "45": -0.439453125,
      "46": -39.7265625
    },
    "Keyframe 13": {
      "11": 89.208984375,
      "12": -0.17578125,
      "13": 0.17578125,
      "14": -0.263671875,
      "21": -89.560546875,
      "22": 0.17578125,
      "23": -0.087890625,
      "24": 0.087890625,
      "31": -0.087890625,
      "32": 0.52734375,
      "33": -79.716796875,
      "34": -122.607421875,
      "35": -0.087890625,
      "36": -40.25390625,
      "41": 0.0,
      "42": 0.17578125,
      "43": -77.87109375,
      "44": -116.3671875,
      "45": -0.52734375,
      "46": -38.14453125
    },
    "Keyframe 14": {
      "11": 89.208984375,
      "12": -0.17578125,
      "13": 0.3515625,
      "14": 0.0,
      "21": -89.47265625,
      "22": 0.087890625,
      "23": 0.966796875,
      "24": 0.0,
      "31": -0.087890625,
      "32": 0.3515625,
      "33": -81.298828125,
      "34": -123.75,
      "35": -0.087890625,
      "36": -39.990234375,
      "41": 0.087890625,
      "42": -0.087890625,
      "43": -82.08984375,
      "44": -119.970703125,
      "45": 0.087890625,
      "46": -37.79296875
    },
    "Keyframe 15": {
      "11": 88.2421875,
      "12": -0.087890625,
      "13": 0.52734375,
      "14": 0.0,
      "21": -88.505859375,
      "22": 0.0,
      "23": -2.28515625,
      "24": 0.439453125,
      "31": -0.263671875,
      "32": 0.439453125,
      "33": -81.5625,
      "34": -125.15625,
      "35": -0.52734375,
      "36": -39.55078125,
      "41": 0.263671875,
      "42": 0.3515625,
      "43": -82.265625,
      "44": -121.376953125,
      "45": 0.3515625,
      "46": -37.177734375
    },
    "Keyframe 16": {
      "11": 88.2421875,