{
  "version": "1.0",
  "timestamp": 1748594293.9591134,
  "keyframes": {
    "Keyframe 1": {
      "11": 0.0,
      "12": 0.0,
      "13": 0.263671875,
      "14": -0.087890625,
      "21": -0.703125,
      "22": -0.087890625,
      "23": -0.263671875,
      "24": 0.17578125,
      "31": -0.087890625,
      "32": 0.087890625,
      "33": 0.439453125,
      "34": -0.3515625,
      "35": 0.0,
      "36": 0.3515625,
      "41": -0.17578125,
      "42": 0.087890625,
      "43": 0.263671875,
      "44": 0.087890625,
      "45": 0.17578125,
      "46": -0.263671875
    },
    "Keyframe 2": {
      "11": 89.384765625,
      "12": 0.0,
      "13": 0.17578125,
      "14": -0.087890625,
      "21": -89.296875,
      "22": -0.087890625,
      "23": -0.52734375,
      "24": -0.087890625,
      "31": 0.087890625,
      "32": 0.0,
      "33": 0.0,
      "34": 0.0,
      "35": -0.087890625,
      "36": 0.087890625,
      "41": 0.0,
      "42": 0.0,
      "43": -0.263671875,
      "44": 0.3515625,
      "45": 0.087890625,
      "46": -0.3515625
    },
    "Keyframe 3": {
      "11": 89.208984375,
      "12": 0.0,
      "13": 0.17578125,
      "14": -0.087890625,
      "21": -89.296875,
      "22": -0.087890625,
      "23": -1.142578125,
      "24": 0.0,
      "31": -0.087890625,
      "32": 0.3515625,
      "33": -18.369140625,
      "34": -41.396484375,
      "35": 0.0,
      "36": -14.677734375,
      "41": -0.087890625,
      "42": -0.087890625,
      "43": -18.369140625,
      "44": -37.79296875,
      "45": -0.3515625,
      "46": -14.0625
    },
    "Keyframe 4": {
      "11": 88.59375,
      "12": 0.0,
      "13": 0.087890625,
      "14": -0.087890625,
      "21": -88.681640625,
      "22": -0.087890625,
      "23": -0.439453125,
      "24": -0.17578125,
      "31": 0.087890625,
      "32": 0.615234375,
      "33": -32.783203125,
      "34": -68.818359375,
      "35": 0.0,
      "36": -27.509765625,
      "41": 0.087890625,
      "42": 0.087890625,
      "43": -33.310546875,
      "44": -65.302734375,
      "45": -0.263671875,
      "46": -25.83984375
    },
    "Keyframe 5": {
      "11": 88.06640625,
      "12": 0.0,
      "13": 0.087890625,
      "14": -0.087890625,
      "21": -88.154296875,
      "22": -0.087890625,
      "23": 0.439453125,
      "24": -0.17578125,
      "31": 0.17578125,
      "32": 0.703125,
      "33": -64.248046875,
      "34": -113.994140625,
      "35": -0.3515625,
      "36": -39.55078125,
      "41": -0.087890625,
      "42": 0.17578125,
      "43": -65.56640625,
      "44": -108.984375,
      "45": -0.17578125,
      "46": -35.419921875
    },
    "Keyframe 6": {
      "11": 87.275390625,
      "12": 0.0,
      "13": 0.439453125,
      "14": -0.3515625,
      "21": -87.275390625,
      "22": -0.087890625,
      "23": -0.263671875,
      "24": -0.17578125,
      "31": 0.0,
      "32": 0.52734375,
      "33": -72.94921875,
      "34": -130.60546875,
      "35": -0.17578125,
      "36": -47.28515625,
      "41": -0.087890625,
      "42": -0.087890625,
      "43": -76.640625,
      "44": -127.177734375,
      "45": 0.3515625,
      "46": -42.71484375
    }
  }
}