{
  "version": "1.0",
  "timestamp": 1748599775.1652315,
  "keyframes": {
    "Keyframe 1": {
      "11": 0.0,
      "12": 0.0,
      "13": 0.087890625,
      "14": 0.0,
      "21": 0.087890625,
      "22": -0.3515625,
      "23": -0.087890625,
      "24": -0.087890625,
      "31": 0.087890625,
      "32": -0.3515625,
      "33": 0.17578125,
      "34": -0.17578125,
      "35": -0.087890625,
      "36": 0.17578125,
      "41": -0.087890625,
      "42": 0.087890625,
      "43": 0.087890625,
      "44": -0.087890625,
      "45": 0.3515625,
      "46": 0.17578125
    },
    "wait": 0.5,
    "Keyframe 2": {
      "11": -0.17578125,
      "12": 142.822265625,
      "13": 0.3515625,
      "14": 0.087890625,
      "21": 0.087890625,
      "22": -141.064453125,
      "23": -0.791015625,
      "24": 0.0,
      "31": 0.0,
      "32": -0.439453125,
      "33": 0.615234375,
      "34": -0.703125,
      "35": -0.17578125,
      "36": 0.87890625,
      "41": -0.17578125,
      "42": 0.3515625,
      "43": 0.3515625,
      "44": -0.703125,
      "45": 0.87890625,
      "46": 0.966796875
    },
    "wait2": 0.5,
    "Keyframe 3": {
      "11": -3.69140625,
      "12": 149.94140625,
      "13": -79.892578125,
      "14": -27.7734375,
      "21": 0.087890625,
      "22": -144.140625,
      "23": 79.892578125,
      "24": 27.685546875,
      "31": 0.17578125,
      "32": -0.615234375,
      "33": 0.966796875,
      "34": -1.494140625,
      "35": -0.263671875,
      "36": 2.28515625,
      "41": -0.17578125,
      "42": 0.615234375,
      "43": 1.23046875,
      "44": -1.669921875,
      "45": 1.23046875,
      "46": 2.109375
    },
    "wait3": 0.5,
    "Keyframe 5": {
      "11": -2.8125,
      "12": -18.017578125,
      "13": -52.734375,
      "14": -27.509765625,
      "21": -175.95703125,
      "22": 6.240234375,
      "23": -59.58984375,
      "24": -16.5234375,
      "31": 0.17578125,
      "32": 0.0,
      "33": -7.91015625,
      "34": -2.109375,
      "35": 0.439453125,
      "36": 3.1640625,
      "41": 0.087890625,
      "42": 1.318359375,
      "43": -7.822265625,
      "44": -2.373046875,
      "45": 1.58203125,
      "46": 2.4609375
    },
    "wait4": 0.5,
    "Keyframe 8": {
      "11": 176.66015625,
      "12": -14.853515625,
      "13": 19.951171875,
      "14": 19.16015625,
      "21": -175.517578125,
      "22": 15.029296875,
      "23": -11.77734375,
      "24": -21.005859375,
      "31": 0.263671875,
      "32": 1.142578125,
      "33": -6.85546875,
      "34": -4.658203125,
      "35": 0.966796875,
      "36": -0.3515625,
      "41": 0.0,
      "42": 1.318359375,
      "43": -7.3828125,
      "44": -4.5703125,
      "45": 1.318359375,
      "46": -1.58203125
    },
    "Keyframe 9": {
      "11": 0.0,
      "12": 0.0,
      "13": 0.087890625,
      "14": 0.0,
      "21": 0.087890625,
      "22": -0.3515625,
      "23": -0.087890625,
      "24": -0.087890625,
      "31": 0.087890625,
      "32": -0.3515625,
      "33": 0.17578125,
      "34": -0.17578125,
      "35": -0.087890625,
      "36": 0.17578125,
      "41": -0.087890625,
      "42": 0.087890625,
      "43": 0.087890625,
      "44": -0.087890625,
      "45": 0.3515625,
      "46": 0.17578125
    }
  }
}
