{
  "version": "1.0",
  "timestamp": 1748582909.2999656,
  "keyframes": {
    "Keyframe 1": {
      "11": 0.0,
      "12": 0.0,
      "13": 0.087890625,
      "14": 0.0,
      "21": 0.087890625,
      "22": -0.3515625,
      "23": -0.087890625,
      "24": -0.087890625,
      "31": 0.087890625,
      "32": -0.3515625,
      "33": 0.17578125,
      "34": -0.17578125,
      "35": -0.087890625,
      "36": 0.17578125,
      "41": -0.087890625,
      "42": 0.087890625,
      "43": 0.087890625,
      "44": -0.087890625,
      "45": 0.3515625,
      "46": 0.17578125
    },
    "Keyframe 2": {
      "11": -0.17578125,
      "12": 142.822265625,
      "13": 0.3515625,
      "14": 0.087890625,
      "21": 0.087890625,
      "22": -141.064453125,
      "23": -0.791015625,
      "24": 0.0,
      "31": 0.0,
      "32": -0.439453125,
      "33": 0.615234375,
      "34": -0.703125,
      "35": -0.17578125,
      "36": 0.87890625,
      "41": -0.17578125,
      "42": 0.3515625,
      "43": 0.3515625,
      "44": -0.703125,
      "45": 0.87890625,
      "46": 0.966796875
    },
    "Keyframe 3": {
      "11": -3.69140625,
      "12": 149.94140625,
      "13": -79.892578125,
      "14": -27.7734375,
      "21": 0.087890625,
      "22": -144.140625,
      "23": 79.892578125,
      "24": 27.685546875,
      "31": 0.17578125,
      "32": -0.615234375,
      "33": 0.966796875,
      "34": -1.494140625,
      "35": -0.263671875,
      "36": 2.28515625,
      "41": -0.17578125,
      "42": 0.615234375,
      "43": 1.23046875,
      "44": -1.669921875,
      "45": 1.23046875,
      "46": 2.109375
    },
    "Keyframe 5": {
      "11": -2.197265625,
      "12": -17.9296875,
      "13": -79.365234375,
      "14": 21.26953125,
      "21": 1.669921875,
      "22": -142.119140625,
      "23": 79.892578125,
      "24": -19.775390625,
      "31": 0.17578125,
      "32": 0.087890625,
      "33": 1.494140625,
      "34": -1.7578125,
      "35": -0.087890625,
      "36": -5.625,
      "41": -0.17578125,
      "42": 1.0546875,
      "43": 0.87890625,
      "44": -1.494140625,
      "45": 0.87890625,
      "46": -5.09765625
    },
    "Keyframe 6": {
      "11": 3.1640625,
      "12": 0.3515625,
      "13": -79.27734375,
      "14": 20.126953125,
      "21": 4.658203125,
      "22": -139.39453125,
      "23": 79.892578125,
      "24": -19.6875,
      "31": -8.173828125,
      "32": 27.94921875,
      "33": -47.98828125,
      "34": -49.21875,
      "35": 8.349609375,
      "36": -17.490234375,
      "41": -1.40625,
      "42": 14.23828125,
      "43": -10.634765625,
      "44": -1.318359375,
      "45": -3.33984375,
      "46": -9.4921875
    },
    "Keyframe 7": {
      "11": -7.3828125,
      "12": 5.09765625,
      "13": -89.208984375,
      "14": -40.693359375,
      "21": -176.044921875,
      "22": 6.943359375,
      "23": -59.58984375,
      "24": -16.5234375,
      "31": 0.17578125,
      "32": 39.55078125,
      "33": -41.30859375,
      "34": -83.759765625,
      "35": 2.8125,
      "36": -34.716796875,
      "41": 0.263671875,
      "42": 38.759765625,
      "43": 2.197265625,
      "44": -2.98828125,
      "45": 0.52734375,
      "46": 3.076171875
    }
  }
}